51517	BUCYRUS
51539	POST39
51551	POST51
51572	POST72
51609	P72TAC
51627	P51TAC
51636	P70TAC
51700	MANSFLD
51708	D2-EVT1
51724	SANDSKY
51791   OTC-EVT 1
51900   OTC-M-EAST
51902   TOLL EAST
51904   TOLL WEST
51905   OTC-M-WEST
51910   OTC-M-TAC1
51915   OTC-M-TAC2
52000	WCEAKRN
52001	WCEALUM
52004	WCECMBR
52005	WCE-CNCI
52006	WCEERIE
52012	WL-ERIE
52013	PR-NW-M1
52014	WL-D2-C
52015	NE-DNR
52017	WL-D3-E
52018	SW-DNR
52020	CALL-NE
52022	CALL-SW
52023	NW-DNR
52024	PR-SW-M1
52027	CALL-NW
52028	PR-SW-M2
52029	PR-NE-M2
52030	PR-SW-E1
52031	FR-FIN-M
52032	PR-SW-M3
52033	WL-D3-B
52034	PR-NW-E1
52035	PR-NE-E1
52037	PR-NW-M2
52039	PR-NE-E2
52041	WL-D2-E
52042	MRM-S
52045	WL-D5-E
52047	DNR-TAC
52049	WL-D5-C
52050	FR-ATH-M
52056	WL-DIST2
52057	FR-CHL-M
52059	PR-SW-E1
52061	FR-FIR-SH
52063	FR-MA-PS
52064	PR-SE-E3
52065	WL-D5B
52067	WL-D4-E
52068	FR-FIR-PI
52069	SE-DNR
52072	CALL-SE
52074	WL-D4-A
52075	DNR EMER
52076	PR-SE-M4
52077	CEN-DNR
52078	PR-EC-M
52079	FR-FRN-M
52080	PR-SE-E1
52083	WL-D4-B
52084	PR-SE-M2
52085	WL-D3-C
52087	WL-D1-A
52089	PR-SE-M3
52091	PR-SE-E2
52092	FR-FIR-DE
52095	WL-DIST4
52096	DNROIL1
52097	CALL-CEN
52099	WL-D4-C
52101	PR-C-E1
52103	PR-C-M2
52104	WL-D1-E
52105	WL-DIST1
52106	PR-C-M1
52107	DNROIL2
52108	FR-FIR-ZH
52111	FR-MA-DE
52112	DNR ADMIN
52114	DNRDAM2
52115	FR-MA-SH
52116	ATG-CEN
52122	DNRENG2
52123	FR-MA-ST
52124	ATG-NE
52127	FR-MA-ZA
52132	ATG-NW
52139	PR-SW-E3
52140	ATG-SE
52147	ATG-SW
52492	FR-FIR-ST
51590	TP-EAST
51591	TP-WEST
51784	TPETAC1
51785	TPWTAC1
51795	TPETAC2
53035	D03-MAIN
53274	D03-ASD
53276	D03-CRA
53278	D03-ERI
53280	D03-HUR
53282	D03-LOR
53284	D03-MED
53286	D03-RIC
53288	D03-WAY
53290	D03-OPS
53361	D03-MTC1
53388	D03-MTC2
64107	D03-MTC3
64108	D03-MTC4
64109	D03-EOC
